Filip CarleÌn <filipcarlen@gmail.com>
Marcus Lagerstedt <lager93@gmail.com>  Marcus Lagerstedt <lager93@gmail.com> 
elinljunggren <elin.l.ljunggren@gmail.com>  elinljunggren <elin.l.ljunggren@gmail.com> 
linneaotterlind <linnea.otterlind@gmail.com>  linneaotterlind <linnea.otterlind@gmail.com> 
